Activity Period,Operating Airline,Operating Airline IATA Code,Published Airline,Published Airline IATA Code,GEO Summary,GEO Region,Landing Aircraft Type,Aircraft Body Type,Aircraft Manufacturer,Aircraft Model,Aircraft Version,Landing Count,Total Landed Weight
2006,Xtra Airways,XP,Xtra Airways,XP,Domestic,US,Passenger,Narrow Body,Boeing,737,400,1,124000
2007,Miami Air International,GL,Miami Air International,GL,Domestic,US,Passenger,Narrow Body,Boeing,737,400,1,121000
2007,Miami Air International,GL,Miami Air International,GL,Domestic,US,Passenger,Narrow Body,Boeing,737,800,1,146000
2008,Miami Air International,GL,Miami Air International,GL,Domestic,US,Passenger,Narrow Body,Boeing,737,800,1,146000
2008,Miami Air International,GL,Miami Air International,GL,Domestic,US,Passenger,Narrow Body,Boeing,737,800,1,146000
2008,Miami Air International,GL,Miami Air International,GL,Domestic,US,Passenger,Narrow Body,Boeing,737,400,1,121000
2008,Miami Air International,GL,Miami Air International,GL,Domestic,US,Passenger,Narrow Body,Boeing,737,800,1,146000
2009,Miami Air International,GL,Miami Air International,GL,Domestic,US,Passenger,Narrow Body,Boeing,737,800,2,291984
2011,Miami Air International,GL,Miami Air International,GL,Domestic,US,Passenger,Narrow Body,Boeing,737,800,1,145992
2011,"Air Transport International, LLC.",,"Air Transport International, LLC.",,Domestic,US,Freighter,Narrow Body,McDonnell Douglas,DC-8,-,36,9764000
2011,"Air Transport International, LLC.",,"Air Transport International, LLC.",,Domestic,US,Freighter,Narrow Body,McDonnell Douglas,DC-8,-,20,5262000
2011,"Air Transport International, LLC.",,"Air Transport International, LLC.",,Domestic,US,Freighter,Narrow Body,McDonnell Douglas,DC-8,-,1,275000
2012,"Atlas Air, Inc",5Y,"Atlas Air, Inc",5Y,Domestic,US,Freighter,Wide Body,Boeing,767,-,10,2720000
2012,"Atlas Air, Inc",5Y,"Atlas Air, Inc",5Y,Domestic,US,Freighter,Wide Body,Boeing,767,-,10,2720000
2012,"Atlas Air, Inc",5Y,"Atlas Air, Inc",5Y,Domestic,US,Freighter,Wide Body,Boeing,767,-,21,5712000
2012,"Atlas Air, Inc",5Y,"Atlas Air, Inc",5Y,Domestic,US,Freighter,Wide Body,Boeing,767,-,21,5712000
2012,"Atlas Air, Inc",5Y,"Atlas Air, Inc",5Y,Domestic,US,Freighter,Wide Body,Boeing,767,-,23,6256000
2012,"Atlas Air, Inc",5Y,"Atlas Air, Inc",5Y,Domestic,US,Freighter,Wide Body,Boeing,767,-,23,6256000
2012,"Atlas Air, Inc",5Y,"Atlas Air, Inc",5Y,Domestic,US,Freighter,Wide Body,Boeing,767,-,20,5440000
2012,"Atlas Air, Inc",5Y,"Atlas Air, Inc",5Y,Domestic,US,Freighter,Wide Body,Boeing,767,-,20,5440000
2012,"Atlas Air, Inc",5Y,"Atlas Air, Inc",5Y,Domestic,US,Freighter,Wide Body,Boeing,767,-,22,5984000
2012,"Atlas Air, Inc",5Y,"Atlas Air, Inc",5Y,Domestic,US,Freighter,Wide Body,Boeing,767,-,22,5984000
2012,"Atlas Air, Inc",5Y,"Atlas Air, Inc",5Y,Domestic,US,Freighter,Wide Body,Boeing,767,-,22,5984000
2012,"Atlas Air, Inc",5Y,"Atlas Air, Inc",5Y,Domestic,US,Freighter,Wide Body,Boeing,767,-,22,5984000
2012,"Atlas Air, Inc",5Y,"Atlas Air, Inc",5Y,Domestic,US,Freighter,Wide Body,Boeing,767,-,19,5168000
2012,"Atlas Air, Inc",5Y,"Atlas Air, Inc",5Y,Domestic,US,Freighter,Wide Body,Boeing,767,-,19,5168000
2013,"Atlas Air, Inc",5Y,"Atlas Air, Inc",5Y,Domestic,US,Freighter,Wide Body,Boeing,767,-,21,5712000
2013,"Atlas Air, Inc",5Y,"Atlas Air, Inc",5Y,Domestic,US,Freighter,Wide Body,Boeing,767,-,21,5712000
2013,"Atlas Air, Inc",5Y,"Atlas Air, Inc",5Y,Domestic,US,Freighter,Wide Body,Boeing,767,-,20,5440000
2013,"Atlas Air, Inc",5Y,"Atlas Air, Inc",5Y,Domestic,US,Freighter,Wide Body,Boeing,767,-,20,5440000
2013,"Atlas Air, Inc",5Y,"Atlas Air, Inc",5Y,Domestic,US,Freighter,Wide Body,Boeing,767,-,20,5440000
2013,"Atlas Air, Inc",5Y,"Atlas Air, Inc",5Y,Domestic,US,Freighter,Wide Body,Boeing,767,-,20,5440000
2013,"Atlas Air, Inc",5Y,"Atlas Air, Inc",5Y,Domestic,US,Freighter,Wide Body,Boeing,767,-,22,5984000
2013,"Atlas Air, Inc",5Y,"Atlas Air, Inc",5Y,Domestic,US,Freighter,Wide Body,Boeing,767,-,22,5984000
2013,"Atlas Air, Inc",5Y,"Atlas Air, Inc",5Y,Domestic,US,Freighter,Wide Body,Boeing,767,-,22,5984000
2013,"Atlas Air, Inc",5Y,"Atlas Air, Inc",5Y,Domestic,US,Freighter,Wide Body,Boeing,767,-,22,5984000
2013,"Atlas Air, Inc",5Y,"Atlas Air, Inc",5Y,Domestic,US,Freighter,Wide Body,Boeing,767,-,20,5440000
2013,"Atlas Air, Inc",5Y,"Atlas Air, Inc",5Y,Domestic,US,Freighter,Wide Body,Boeing,767,-,20,5440000
2013,"Atlas Air, Inc",5Y,"Atlas Air, Inc",5Y,Domestic,US,Freighter,Wide Body,Boeing,767,-,22,5984000
2013,"Atlas Air, Inc",5Y,"Atlas Air, Inc",5Y,Domestic,US,Freighter,Wide Body,Boeing,767,-,22,5984000
2013,"Atlas Air, Inc",5Y,"Atlas Air, Inc",5Y,International,South America,Freighter,Wide Body,Boeing,747,-,2,1332000
2013,"Atlas Air, Inc",5Y,"Atlas Air, Inc",5Y,International,South America,Freighter,Wide Body,Boeing,747,-,2,1332000
2013,"Atlas Air, Inc",5Y,"Atlas Air, Inc",5Y,Domestic,US,Freighter,Wide Body,Boeing,767,-,2,544000
2013,"Atlas Air, Inc",5Y,"Atlas Air, Inc",5Y,Domestic,US,Freighter,Wide Body,Boeing,767,-,2,544000
2013,"Atlas Air, Inc",5Y,"Atlas Air, Inc",5Y,Domestic,US,Freighter,Wide Body,Boeing,747,400BCF,3,1998000
2013,"Atlas Air, Inc",5Y,"Atlas Air, Inc",5Y,Domestic,US,Freighter,Wide Body,Boeing,747,400BCF,3,1998000
2013,"Atlas Air, Inc",5Y,"Atlas Air, Inc",5Y,Domestic,US,Freighter,Wide Body,Boeing,767,-,1,272000
2013,"Atlas Air, Inc",5Y,"Atlas Air, Inc",5Y,Domestic,US,Freighter,Wide Body,Boeing,767,-,1,272000
2013,"Air Transport International, LLC.",,"Air Transport International, LLC.",,Domestic,US,Freighter,Narrow Body,Boeing,757,200,2,396000
2014,"Atlas Air, Inc",5Y,"Atlas Air, Inc",5Y,Domestic,US,Freighter,Wide Body,Boeing,747,400BCF,1,666000
2014,"Atlas Air, Inc",5Y,"Atlas Air, Inc",5Y,Domestic,US,Freighter,Wide Body,Boeing,747,400BCF,1,666000
2014,"Atlas Air, Inc",5Y,"Atlas Air, Inc",5Y,Domestic,US,Freighter,Wide Body,Boeing,747,400BCF,1,666000
2014,"Atlas Air, Inc",5Y,"Atlas Air, Inc",5Y,Domestic,US,Freighter,Wide Body,Boeing,747,400BCF,1,666000
2014,"Atlas Air, Inc",5Y,"Atlas Air, Inc",5Y,Domestic,US,Freighter,Wide Body,Boeing,747,400BCF,2,1332000
2014,"Atlas Air, Inc",5Y,"Atlas Air, Inc",5Y,Domestic,US,Freighter,Wide Body,Boeing,747,400BCF,2,1332000
2015,"Atlas Air, Inc",5Y,"Atlas Air, Inc",5Y,Domestic,US,Freighter,Wide Body,Boeing,747,400BCF,2,1332000
2015,"Atlas Air, Inc",5Y,"Atlas Air, Inc",5Y,Domestic,US,Freighter,Wide Body,Boeing,747,400BCF,2,1332000
2015,"Atlas Air, Inc",5Y,"Atlas Air, Inc",5Y,Domestic,US,Freighter,Wide Body,Boeing,767,-,17,4624000
2015,"Atlas Air, Inc",5Y,"Atlas Air, Inc",5Y,Domestic,US,Freighter,Wide Body,Boeing,767,-,17,4624000
2015,"Atlas Air, Inc",5Y,"Atlas Air, Inc",5Y,Domestic,US,Freighter,Wide Body,Boeing,767,-,22,5984000
2015,"Atlas Air, Inc",5Y,"Atlas Air, Inc",5Y,Domestic,US,Freighter,Wide Body,Boeing,767,-,22,5984000
2015,"Atlas Air, Inc",5Y,"Atlas Air, Inc",5Y,Domestic,US,Freighter,Wide Body,Boeing,767,-,22,5984000
2015,"Atlas Air, Inc",5Y,"Atlas Air, Inc",5Y,Domestic,US,Freighter,Wide Body,Boeing,767,-,22,5984000
2015,"Atlas Air, Inc",5Y,"Atlas Air, Inc",5Y,Domestic,US,Freighter,Wide Body,Boeing,767,-,43,11696000
2015,"Atlas Air, Inc",5Y,"Atlas Air, Inc",5Y,Domestic,US,Freighter,Wide Body,Boeing,767,-,43,11696000
2015,"Atlas Air, Inc",5Y,"Atlas Air, Inc",5Y,Domestic,US,Passenger,Wide Body,Boeing,767,300ER,2,640000
2015,"Atlas Air, Inc",5Y,"Atlas Air, Inc",5Y,Domestic,US,Passenger,Wide Body,Boeing,767,300ER,2,640000
2015,"Atlas Air, Inc",5Y,"Atlas Air, Inc",5Y,Domestic,US,Passenger,Wide Body,Boeing,747,400,1,584000
2015,"Atlas Air, Inc",5Y,"Atlas Air, Inc",5Y,Domestic,US,Passenger,Wide Body,Boeing,747,400,1,584000
2015,"Atlas Air, Inc",5Y,"Atlas Air, Inc",5Y,Domestic,US,Freighter,Wide Body,Boeing,767,-,46,12512000
2015,"Atlas Air, Inc",5Y,"Atlas Air, Inc",5Y,Domestic,US,Freighter,Wide Body,Boeing,767,-,46,12512000
2015,"Atlas Air, Inc",5Y,"Atlas Air, Inc",5Y,Domestic,US,Freighter,Wide Body,Boeing,767,-,41,11152000
2015,"Atlas Air, Inc",5Y,"Atlas Air, Inc",5Y,Domestic,US,Freighter,Wide Body,Boeing,767,-,41,11152000
2015,"Atlas Air, Inc",5Y,"Atlas Air, Inc",5Y,Domestic,US,Freighter,Wide Body,Boeing,767,-,45,12240000
2015,"Atlas Air, Inc",5Y,"Atlas Air, Inc",5Y,Domestic,US,Freighter,Wide Body,Boeing,767,-,45,12240000
2015,Miami Air International,GL,Miami Air International,GL,Domestic,US,Passenger,Narrow Body,Boeing,737,800,1,145992
2015,"Atlas Air, Inc",5Y,"Atlas Air, Inc",5Y,Domestic,US,Freighter,Wide Body,Boeing,767,-,44,11968000
2015,"Atlas Air, Inc",5Y,"Atlas Air, Inc",5Y,Domestic,US,Freighter,Wide Body,Boeing,767,-,44,11968000
2015,"Atlas Air, Inc",5Y,"Atlas Air, Inc",5Y,Domestic,US,Freighter,Wide Body,Boeing,767,-,42,11424000
2015,"Atlas Air, Inc",5Y,"Atlas Air, Inc",5Y,Domestic,US,Freighter,Wide Body,Boeing,767,-,42,11424000
2015,"Atlas Air, Inc",5Y,"Atlas Air, Inc",5Y,Domestic,US,Freighter,Wide Body,Boeing,767,-,46,12512000
2015,"Atlas Air, Inc",5Y,"Atlas Air, Inc",5Y,Domestic,US,Freighter,Wide Body,Boeing,767,-,46,12512000
2016,"Atlas Air, Inc",5Y,"Atlas Air, Inc",5Y,Domestic,US,Freighter,Wide Body,Boeing,767,-,41,11152000
2016,"Atlas Air, Inc",5Y,"Atlas Air, Inc",5Y,Domestic,US,Freighter,Wide Body,Boeing,767,-,41,11152000
2016,"Atlas Air, Inc",5Y,"Atlas Air, Inc",5Y,Domestic,US,Freighter,Wide Body,Boeing,767,-,43,11696000
2016,"Atlas Air, Inc",5Y,"Atlas Air, Inc",5Y,Domestic,US,Freighter,Wide Body,Boeing,767,-,43,11696000
2016,"Atlas Air, Inc",5Y,"Atlas Air, Inc",5Y,Domestic,US,Freighter,Wide Body,Boeing,B762,-,46,12512000
2016,"Atlas Air, Inc",5Y,"Atlas Air, Inc",5Y,Domestic,US,Freighter,Wide Body,Boeing,B762,-,46,12512000
2016,"Atlas Air, Inc",5Y,"Atlas Air, Inc",5Y,Domestic,US,Freighter,Wide Body,Boeing,B762,-,42,11424000
2016,"Atlas Air, Inc",5Y,"Atlas Air, Inc",5Y,Domestic,US,Freighter,Wide Body,Boeing,B762,-,42,11424000
2016,"Atlas Air, Inc",5Y,"Atlas Air, Inc",5Y,Domestic,US,Freighter,Wide Body,Boeing,B744,-,1,666000
2016,"Atlas Air, Inc",5Y,"Atlas Air, Inc",5Y,Domestic,US,Freighter,Wide Body,Boeing,B744,-,1,666000
2016,"Atlas Air, Inc",5Y,"Atlas Air, Inc",5Y,Domestic,US,Freighter,Wide Body,Boeing,B762,-,44,11968000
2016,"Atlas Air, Inc",5Y,"Atlas Air, Inc",5Y,Domestic,US,Freighter,Wide Body,Boeing,B762,-,44,11968000
2016,"Atlas Air, Inc",5Y,"Atlas Air, Inc",5Y,Domestic,US,Freighter,Wide Body,Boeing,B762,-,44,11968000
2016,"Atlas Air, Inc",5Y,"Atlas Air, Inc",5Y,Domestic,US,Freighter,Wide Body,Boeing,B762,-,44,11968000
2016,Redding Aero Enterprises,bxr,Redding Aero Enterprises,bxr,Domestic,US,Freighter,Turbo Prop,Cessna,C208,-,9,76500
2016,"Atlas Air, Inc",5Y,"Atlas Air, Inc",5Y,Domestic,US,Freighter,Wide Body,Boeing,B744,-,1,666000
2016,"Atlas Air, Inc",5Y,"Atlas Air, Inc",5Y,Domestic,US,Freighter,Wide Body,Boeing,B744,-,1,666000
2016,"Atlas Air, Inc",5Y,"Atlas Air, Inc",5Y,Domestic,US,Freighter,Wide Body,Boeing,B762,-,42,11424000
2016,"Atlas Air, Inc",5Y,"Atlas Air, Inc",5Y,Domestic,US,Freighter,Wide Body,Boeing,B762,-,42,11424000
2016,Redding Aero Enterprises,bxr,Redding Aero Enterprises,bxr,Domestic,US,Freighter,Turbo Prop,Cessna,C208,-,18,153000
2016,"Atlas Air, Inc",5Y,"Atlas Air, Inc",5Y,Domestic,US,Freighter,Wide Body,Boeing,B744,-,10,6660000
2016,"Atlas Air, Inc",5Y,"Atlas Air, Inc",5Y,Domestic,US,Freighter,Wide Body,Boeing,B744,-,10,6660000
2016,"Atlas Air, Inc",5Y,"Atlas Air, Inc",5Y,Domestic,US,Freighter,Wide Body,Boeing,B762,-,46,12512000
2016,"Atlas Air, Inc",5Y,"Atlas Air, Inc",5Y,Domestic,US,Freighter,Wide Body,Boeing,B762,-,46,12512000
2016,Redding Aero Enterprises,bxr,Redding Aero Enterprises,bxr,Domestic,US,Freighter,Turbo Prop,Cessna,C208,-,22,187000
2016,"Atlas Air, Inc",5Y,"Atlas Air, Inc",5Y,Domestic,US,Freighter,Wide Body,Boeing,B744,-,1,666000
2016,"Atlas Air, Inc",5Y,"Atlas Air, Inc",5Y,Domestic,US,Freighter,Wide Body,Boeing,B744,-,1,666000
2016,"Atlas Air, Inc",5Y,"Atlas Air, Inc",5Y,Domestic,US,Freighter,Wide Body,Boeing,B762,-,44,11968000
2016,"Atlas Air, Inc",5Y,"Atlas Air, Inc",5Y,Domestic,US,Freighter,Wide Body,Boeing,B762,-,44,11968000
2016,Redding Aero Enterprises,bxr,Redding Aero Enterprises,bxr,Domestic,US,Freighter,Turbo Prop,Cessna,C208,-,21,178500
2016,"Atlas Air, Inc",5Y,"Atlas Air, Inc",5Y,Domestic,US,Freighter,Wide Body,Boeing,B744,-,1,666000
2016,"Atlas Air, Inc",5Y,"Atlas Air, Inc",5Y,Domestic,US,Freighter,Wide Body,Boeing,B744,-,1,666000
2016,"Atlas Air, Inc",5Y,"Atlas Air, Inc",5Y,International,Europe,Freighter,Wide Body,Boeing,B744,-,1,666000
2016,"Atlas Air, Inc",5Y,"Atlas Air, Inc",5Y,International,Europe,Freighter,Wide Body,Boeing,B744,-,1,666000
2016,"Atlas Air, Inc",5Y,"Atlas Air, Inc",5Y,Domestic,US,Freighter,Wide Body,Boeing,B762,-,43,11696000
2016,"Atlas Air, Inc",5Y,"Atlas Air, Inc",5Y,Domestic,US,Freighter,Wide Body,Boeing,B762,-,43,11696000
2016,Redding Aero Enterprises,bxr,Redding Aero Enterprises,bxr,Domestic,US,Freighter,Turbo Prop,Cessna,C208,-,21,178500
2016,"Atlas Air, Inc",5Y,"Atlas Air, Inc",5Y,Domestic,US,Freighter,Wide Body,Boeing,B762,-,36,9792000
2016,"Atlas Air, Inc",5Y,"Atlas Air, Inc",5Y,Domestic,US,Freighter,Wide Body,Boeing,B762,-,36,9792000
2016,"Atlas Air, Inc",5Y,"Atlas Air, Inc",5Y,Domestic,US,Freighter,Wide Body,Boeing,B763,-,9,2880000
2016,"Atlas Air, Inc",5Y,"Atlas Air, Inc",5Y,Domestic,US,Freighter,Wide Body,Boeing,B763,-,9,2880000
2016,Redding Aero Enterprises,bxr,Redding Aero Enterprises,bxr,Domestic,US,Freighter,Turbo Prop,Cessna,C208,-,21,178500
2016,"Atlas Air, Inc",5Y,"Atlas Air, Inc",5Y,Domestic,US,Freighter,Wide Body,Boeing,B762,-,27,7344000
2016,"Atlas Air, Inc",5Y,"Atlas Air, Inc",5Y,Domestic,US,Freighter,Wide Body,Boeing,B762,-,27,7344000
2016,"Atlas Air, Inc",5Y,"Atlas Air, Inc",5Y,Domestic,US,Freighter,Wide Body,Boeing,B763,-,20,6400000
2016,"Atlas Air, Inc",5Y,"Atlas Air, Inc",5Y,Domestic,US,Freighter,Wide Body,Boeing,B763,-,20,6400000
2016,Redding Aero Enterprises,bxr,Redding Aero Enterprises,bxr,Domestic,US,Freighter,Turbo Prop,Cessna,C208,-,19,161500
2017,"Atlas Air, Inc",5Y,"Atlas Air, Inc",5Y,Domestic,US,Freighter,Wide Body,Boeing,B744,-,2,1332000
2017,"Atlas Air, Inc",5Y,"Atlas Air, Inc",5Y,Domestic,US,Freighter,Wide Body,Boeing,B744,-,2,1332000
2017,"Atlas Air, Inc",5Y,"Atlas Air, Inc",5Y,International,South America,Freighter,Wide Body,Boeing,B744,-,1,666000
2017,"Atlas Air, Inc",5Y,"Atlas Air, Inc",5Y,International,South America,Freighter,Wide Body,Boeing,B744,-,1,666000
2017,"Atlas Air, Inc",5Y,"Atlas Air, Inc",5Y,Domestic,US,Freighter,Wide Body,Boeing,B762,-,42,11424000
2017,"Atlas Air, Inc",5Y,"Atlas Air, Inc",5Y,Domestic,US,Freighter,Wide Body,Boeing,B762,-,42,11424000
2017,Redding Aero Enterprises,bxr,Redding Aero Enterprises,bxr,Domestic,US,Freighter,Turbo Prop,Cessna,C208,-,20,170000
2017,"Atlas Air, Inc",5Y,"Atlas Air, Inc",5Y,Domestic,US,Freighter,Wide Body,Boeing,B744,-,4,2664000
2017,"Atlas Air, Inc",5Y,"Atlas Air, Inc",5Y,Domestic,US,Freighter,Wide Body,Boeing,B744,-,4,2664000
2017,"Atlas Air, Inc",5Y,"Atlas Air, Inc",5Y,International,Europe,Freighter,Wide Body,Boeing,B744,-,1,666000
2017,"Atlas Air, Inc",5Y,"Atlas Air, Inc",5Y,International,Europe,Freighter,Wide Body,Boeing,B744,-,1,666000
2017,"Atlas Air, Inc",5Y,"Atlas Air, Inc",5Y,Domestic,US,Freighter,Wide Body,Boeing,B762,-,40,10880000
2017,"Atlas Air, Inc",5Y,"Atlas Air, Inc",5Y,Domestic,US,Freighter,Wide Body,Boeing,B762,-,40,10880000
2017,Redding Aero Enterprises,bxr,Redding Aero Enterprises,bxr,Domestic,US,Freighter,Turbo Prop,Cessna,C208,-,20,170000
2017,"Atlas Air, Inc",5Y,"Atlas Air, Inc",5Y,Domestic,US,Freighter,Wide Body,Boeing,B744,-,9,5994000
2017,"Atlas Air, Inc",5Y,"Atlas Air, Inc",5Y,Domestic,US,Freighter,Wide Body,Boeing,B744,-,9,5994000
2017,"Atlas Air, Inc",5Y,"Atlas Air, Inc",5Y,Domestic,US,Freighter,Wide Body,Boeing,B762,-,46,12512000
2017,"Atlas Air, Inc",5Y,"Atlas Air, Inc",5Y,Domestic,US,Freighter,Wide Body,Boeing,B762,-,46,12512000
2017,Redding Aero Enterprises,bxr,Redding Aero Enterprises,bxr,Domestic,US,Freighter,Turbo Prop,Cessna,C208,-,23,195500
2017,"Atlas Air, Inc",5Y,"Atlas Air, Inc",5Y,Domestic,US,Freighter,Wide Body,Boeing,B744,-,8,5328000
2017,"Atlas Air, Inc",5Y,"Atlas Air, Inc",5Y,Domestic,US,Freighter,Wide Body,Boeing,B744,-,8,5328000
2017,"Atlas Air, Inc",5Y,"Atlas Air, Inc",5Y,Domestic,US,Freighter,Wide Body,Boeing,B762,-,40,10880000
2017,"Atlas Air, Inc",5Y,"Atlas Air, Inc",5Y,Domestic,US,Freighter,Wide Body,Boeing,B762,-,40,10880000
2017,Redding Aero Enterprises,bxr,Redding Aero Enterprises,bxr,Domestic,US,Freighter,Turbo Prop,Cessna,C208,-,21,178500
2017,"Atlas Air, Inc",5Y,"Atlas Air, Inc",5Y,Domestic,US,Freighter,Wide Body,Boeing,B744,-,21,13944000
2017,"Atlas Air, Inc",5Y,"Atlas Air, Inc",5Y,Domestic,US,Freighter,Wide Body,Boeing,B744,-,21,13944000
2017,"Atlas Air, Inc",5Y,"Atlas Air, Inc",5Y,International,Asia,Freighter,Wide Body,Boeing,B744,-,2,1304000
2017,"Atlas Air, Inc",5Y,"Atlas Air, Inc",5Y,International,Asia,Freighter,Wide Body,Boeing,B744,-,2,1304000
2017,"Atlas Air, Inc",5Y,"Atlas Air, Inc",5Y,Domestic,US,Freighter,Wide Body,Boeing,B762,-,46,12512000
2017,"Atlas Air, Inc",5Y,"Atlas Air, Inc",5Y,Domestic,US,Freighter,Wide Body,Boeing,B762,-,46,12512000
2017,Redding Aero Enterprises,bxr,Redding Aero Enterprises,bxr,Domestic,US,Freighter,Turbo Prop,Cessna,C208,-,22,187000
2017,Thomas Cook Airlines,MT,Thomas Cook Airlines,MT,International,Europe,Passenger,Wide Body,Airbus,A332,-,5,2021638
2017,Trego Dugan Aviation,,Trego Dugan Aviation,,Domestic,US,Passenger,Narrow Body,Airbus,A319,-,1,137787
2017,Trego Dugan Aviation,,Trego Dugan Aviation,,Domestic,US,Passenger,Narrow Body,McDonnell Douglas,MD83,-,2,279000
2017,"Atlas Air, Inc",5Y,"Atlas Air, Inc",5Y,Domestic,US,Freighter,Wide Body,Boeing,B744,-,14,9324000
2017,"Atlas Air, Inc",5Y,"Atlas Air, Inc",5Y,Domestic,US,Freighter,Wide Body,Boeing,B744,-,14,9324000
2017,"Atlas Air, Inc",5Y,"Atlas Air, Inc",5Y,International,Mexico,Freighter,Wide Body,Boeing,B744,-,1,666000
2017,"Atlas Air, Inc",5Y,"Atlas Air, Inc",5Y,International,Mexico,Freighter,Wide Body,Boeing,B744,-,1,666000
2017,"Atlas Air, Inc",5Y,"Atlas Air, Inc",5Y,Domestic,US,Freighter,Wide Body,Boeing,B762,-,44,11968000
2017,"Atlas Air, Inc",5Y,"Atlas Air, Inc",5Y,Domestic,US,Freighter,Wide Body,Boeing,B762,-,44,11968000
2017,Redding Aero Enterprises,bxr,Redding Aero Enterprises,bxr,Domestic,US,Freighter,Turbo Prop,Cessna,C208,-,22,187000
2017,Thomas Cook Airlines,MT,Thomas Cook Airlines,MT,International,Europe,Passenger,Wide Body,Airbus,A332,-,8,3234180
2017,Thomas Cook Airlines,MT,Thomas Cook Airlines,MT,International,Europe,Passenger,Wide Body,Airbus,A333,-,1,407855
2017,"Atlas Air, Inc",5Y,"Atlas Air, Inc",5Y,Domestic,US,Freighter,Wide Body,Boeing,B744,-,12,7992000
2017,"Atlas Air, Inc",5Y,"Atlas Air, Inc",5Y,Domestic,US,Freighter,Wide Body,Boeing,B744,-,12,7992000
2017,"Atlas Air, Inc",5Y,"Atlas Air, Inc",5Y,Domestic,US,Freighter,Wide Body,Boeing,B762,-,42,11424000
2017,"Atlas Air, Inc",5Y,"Atlas Air, Inc",5Y,Domestic,US,Freighter,Wide Body,Boeing,B762,-,42,11424000
2017,Redding Aero Enterprises,bxr,Redding Aero Enterprises,bxr,Domestic,US,Freighter,Turbo Prop,Cessna,C208,-,20,170000
2017,Thomas Cook Airlines,MT,Thomas Cook Airlines,MT,International,Europe,Passenger,Wide Body,Airbus,A332,-,9,3602352
2017,"Atlas Air, Inc",5Y,"Atlas Air, Inc",5Y,Domestic,US,Freighter,Wide Body,Boeing,B744,-,13,8644000
2017,"Atlas Air, Inc",5Y,"Atlas Air, Inc",5Y,Domestic,US,Freighter,Wide Body,Boeing,B744,-,13,8644000
2017,"Atlas Air, Inc",5Y,"Atlas Air, Inc",5Y,Domestic,US,Freighter,Wide Body,Boeing,B762,-,46,12512000
2017,"Atlas Air, Inc",5Y,"Atlas Air, Inc",5Y,Domestic,US,Freighter,Wide Body,Boeing,B762,-,46,12512000
2017,Redding Aero Enterprises,bxr,Redding Aero Enterprises,bxr,Domestic,US,Freighter,Turbo Prop,Cessna,C208,-,23,195500
2017,Thomas Cook Airlines,MT,Thomas Cook Airlines,MT,International,Europe,Passenger,Wide Body,Airbus,A332,-,9,3626603
2017,"Atlas Air, Inc",5Y,"Atlas Air, Inc",5Y,Domestic,US,Freighter,Wide Body,Boeing,B744,-,9,5994000
2017,"Atlas Air, Inc",5Y,"Atlas Air, Inc",5Y,Domestic,US,Freighter,Wide Body,Boeing,B744,-,9,5994000
2017,"Atlas Air, Inc",5Y,"Atlas Air, Inc",5Y,Domestic,US,Freighter,Wide Body,Boeing,B762,-,22,5984000
2017,"Atlas Air, Inc",5Y,"Atlas Air, Inc",5Y,Domestic,US,Freighter,Wide Body,Boeing,B762,-,22,5984000
2017,"Atlas Air, Inc",5Y,"Atlas Air, Inc",5Y,Domestic,US,Freighter,Wide Body,Boeing,B763,-,16,5120000
2017,"Atlas Air, Inc",5Y,"Atlas Air, Inc",5Y,Domestic,US,Freighter,Wide Body,Boeing,B763,-,16,5120000
2017,"Atlas Air, Inc",5Y,"Atlas Air, Inc",5Y,Domestic,US,Passenger,Wide Body,Boeing,B763,-,4,1280000
2017,"Atlas Air, Inc",5Y,"Atlas Air, Inc",5Y,Domestic,US,Passenger,Wide Body,Boeing,B763,-,4,1280000
2017,Redding Aero Enterprises,bxr,Redding Aero Enterprises,bxr,Domestic,US,Freighter,Turbo Prop,Cessna,C208,-,20,170000
2017,Thomas Cook Airlines,MT,Thomas Cook Airlines,MT,International,Europe,Passenger,Wide Body,Airbus,A332,-,8,3205520
2017,"Atlas Air, Inc",5Y,"Atlas Air, Inc",5Y,Domestic,US,Freighter,Wide Body,Boeing,B744,-,3,1998000
2017,"Atlas Air, Inc",5Y,"Atlas Air, Inc",5Y,Domestic,US,Freighter,Wide Body,Boeing,B744,-,3,1998000
2017,"Atlas Air, Inc",5Y,"Atlas Air, Inc",5Y,Domestic,US,Freighter,Wide Body,Boeing,B762,-,22,5984000
2017,"Atlas Air, Inc",5Y,"Atlas Air, Inc",5Y,Domestic,US,Freighter,Wide Body,Boeing,B762,-,22,5984000
2017,"Atlas Air, Inc",5Y,"Atlas Air, Inc",5Y,Domestic,US,Freighter,Wide Body,Boeing,B763,-,21,6720000
2017,"Atlas Air, Inc",5Y,"Atlas Air, Inc",5Y,Domestic,US,Freighter,Wide Body,Boeing,B763,-,21,6720000
2017,"Atlas Air, Inc",5Y,"Atlas Air, Inc",5Y,Domestic,US,Passenger,Wide Body,Boeing,B763,-,1,320000
2017,"Atlas Air, Inc",5Y,"Atlas Air, Inc",5Y,Domestic,US,Passenger,Wide Body,Boeing,B763,-,1,320000
2017,Redding Aero Enterprises,bxr,Redding Aero Enterprises,bxr,Domestic,US,Freighter,Turbo Prop,Cessna,C208,-,22,187000
2017,Thomas Cook Airlines,MT,Thomas Cook Airlines,MT,International,Europe,Passenger,Wide Body,Airbus,A332,-,8,3165838
2017,"Atlas Air, Inc",5Y,"Atlas Air, Inc",5Y,Domestic,US,Freighter,Wide Body,Boeing,B762,-,22,5984000
2017,"Atlas Air, Inc",5Y,"Atlas Air, Inc",5Y,Domestic,US,Freighter,Wide Body,Boeing,B762,-,22,5984000
2017,"Atlas Air, Inc",5Y,"Atlas Air, Inc",5Y,Domestic,US,Freighter,Wide Body,Boeing,B763,-,24,7680000
2017,"Atlas Air, Inc",5Y,"Atlas Air, Inc",5Y,Domestic,US,Freighter,Wide Body,Boeing,B763,-,24,7680000
2017,"Atlas Air, Inc",5Y,"Atlas Air, Inc",5Y,Domestic,US,Passenger,Wide Body,Boeing,B763,-,1,320000
2017,"Atlas Air, Inc",5Y,"Atlas Air, Inc",5Y,Domestic,US,Passenger,Wide Body,Boeing,B763,-,1,320000
2017,Redding Aero Enterprises,bxr,Redding Aero Enterprises,bxr,Domestic,US,Freighter,Turbo Prop,Cessna,C208,-,21,178500
2017,"Atlas Air, Inc",5Y,"Atlas Air, Inc",5Y,Domestic,US,Freighter,Wide Body,Boeing,B762,-,22,5984000
2017,"Atlas Air, Inc",5Y,"Atlas Air, Inc",5Y,Domestic,US,Freighter,Wide Body,Boeing,B762,-,22,5984000
2017,"Atlas Air, Inc",5Y,"Atlas Air, Inc",5Y,Domestic,US,Freighter,Wide Body,Boeing,B763,-,24,7704000
2017,"Atlas Air, Inc",5Y,"Atlas Air, Inc",5Y,Domestic,US,Freighter,Wide Body,Boeing,B763,-,24,7704000
2017,Redding Aero Enterprises,bxr,Redding Aero Enterprises,bxr,Domestic,US,Freighter,Turbo Prop,Cessna,C208,-,21,178500
2018,"Atlas Air, Inc",5Y,"Atlas Air, Inc",5Y,Domestic,US,Freighter,Wide Body,Boeing,B762,-,25,6798000
2018,"Atlas Air, Inc",5Y,"Atlas Air, Inc",5Y,Domestic,US,Freighter,Wide Body,Boeing,B762,-,25,6798000
2018,"Atlas Air, Inc",5Y,"Atlas Air, Inc",5Y,Domestic,US,Freighter,Wide Body,Boeing,B763,-,18,5760000
2018,"Atlas Air, Inc",5Y,"Atlas Air, Inc",5Y,Domestic,US,Freighter,Wide Body,Boeing,B763,-,18,5760000
2018,"Atlas Air, Inc",5Y,"Atlas Air, Inc",5Y,Domestic,US,Passenger,Wide Body,Boeing,B763,-,4,1304000
2018,"Atlas Air, Inc",5Y,"Atlas Air, Inc",5Y,Domestic,US,Passenger,Wide Body,Boeing,B763,-,4,1304000
2018,Redding Aero Enterprises,bxr,Redding Aero Enterprises,bxr,Domestic,US,Freighter,Turbo Prop,Cessna,C208,-,23,195500
2018,Redding Aero Enterprises,bxr,Redding Aero Enterprises,bxr,Domestic,US,Freighter,Turbo Prop,Cessna,C402,-,1,6850
2018,"Atlas Air, Inc",5Y,"Atlas Air, Inc",5Y,Domestic,US,Freighter,Wide Body,Boeing,B762,-,23,6254000
2018,"Atlas Air, Inc",5Y,"Atlas Air, Inc",5Y,Domestic,US,Freighter,Wide Body,Boeing,B762,-,23,6254000
2018,"Atlas Air, Inc",5Y,"Atlas Air, Inc",5Y,Domestic,US,Freighter,Wide Body,Boeing,B763,-,20,6406000
2018,"Atlas Air, Inc",5Y,"Atlas Air, Inc",5Y,Domestic,US,Freighter,Wide Body,Boeing,B763,-,20,6406000
2018,"Atlas Air, Inc",5Y,"Atlas Air, Inc",5Y,Domestic,US,Passenger,Wide Body,Boeing,B763,-,1,326000
2018,"Atlas Air, Inc",5Y,"Atlas Air, Inc",5Y,Domestic,US,Passenger,Wide Body,Boeing,B763,-,1,326000
2018,Redding Aero Enterprises,bxr,Redding Aero Enterprises,bxr,Domestic,US,Freighter,Turbo Prop,Cessna,C208,-,20,170000
2018,"Atlas Air, Inc",5Y,"Atlas Air, Inc",5Y,Domestic,US,Freighter,Wide Body,Boeing,B744,-,2,1304000
2018,"Atlas Air, Inc",5Y,"Atlas Air, Inc",5Y,Domestic,US,Freighter,Wide Body,Boeing,B744,-,2,1304000
2018,"Atlas Air, Inc",5Y,"Atlas Air, Inc",5Y,Domestic,US,Freighter,Wide Body,Boeing,B762,-,22,5984000
2018,"Atlas Air, Inc",5Y,"Atlas Air, Inc",5Y,Domestic,US,Freighter,Wide Body,Boeing,B762,-,22,5984000
2018,"Atlas Air, Inc",5Y,"Atlas Air, Inc",5Y,Domestic,US,Freighter,Wide Body,Boeing,B763,-,22,7040000
2018,"Atlas Air, Inc",5Y,"Atlas Air, Inc",5Y,Domestic,US,Freighter,Wide Body,Boeing,B763,-,22,7040000
2018,Redding Aero Enterprises,bxr,Redding Aero Enterprises,bxr,Domestic,US,Freighter,Turbo Prop,Cessna,C208,-,20,170000
2018,"Atlas Air, Inc",5Y,"Atlas Air, Inc",5Y,Domestic,US,Freighter,Wide Body,Boeing,B744,-,8,5216000
2018,"Atlas Air, Inc",5Y,"Atlas Air, Inc",5Y,Domestic,US,Freighter,Wide Body,Boeing,B744,-,8,5216000
2018,"Atlas Air, Inc",5Y,"Atlas Air, Inc",5Y,Domestic,US,Freighter,Wide Body,Boeing,B762,-,20,5440000
2018,"Atlas Air, Inc",5Y,"Atlas Air, Inc",5Y,Domestic,US,Freighter,Wide Body,Boeing,B762,-,20,5440000
2018,"Atlas Air, Inc",5Y,"Atlas Air, Inc",5Y,Domestic,US,Freighter,Wide Body,Boeing,B763,-,22,7024000
2018,"Atlas Air, Inc",5Y,"Atlas Air, Inc",5Y,Domestic,US,Freighter,Wide Body,Boeing,B763,-,22,7024000
2018,Redding Aero Enterprises,bxr,Redding Aero Enterprises,bxr,Domestic,US,Freighter,Turbo Prop,Cessna,C208,-,20,170000
2018,"Atlas Air, Inc",5Y,"Atlas Air, Inc",5Y,Domestic,US,Freighter,Wide Body,Boeing,B744,-,7,4564000
2018,"Atlas Air, Inc",5Y,"Atlas Air, Inc",5Y,Domestic,US,Freighter,Wide Body,Boeing,B744,-,7,4564000
2018,"Atlas Air, Inc",5Y,"Atlas Air, Inc",5Y,Domestic,US,Freighter,Wide Body,Boeing,B762,-,22,5984000
2018,"Atlas Air, Inc",5Y,"Atlas Air, Inc",5Y,Domestic,US,Freighter,Wide Body,Boeing,B762,-,22,5984000
2018,"Atlas Air, Inc",5Y,"Atlas Air, Inc",5Y,Domestic,US,Freighter,Wide Body,Boeing,B763,-,23,7344000
2018,"Atlas Air, Inc",5Y,"Atlas Air, Inc",5Y,Domestic,US,Freighter,Wide Body,Boeing,B763,-,23,7344000
2018,"Atlas Air, Inc",5Y,"Atlas Air, Inc",5Y,Domestic,US,Passenger,Wide Body,Boeing,B763,-,1,326000
2018,"Atlas Air, Inc",5Y,"Atlas Air, Inc",5Y,Domestic,US,Passenger,Wide Body,Boeing,B763,-,1,326000
2018,Redding Aero Enterprises,bxr,Redding Aero Enterprises,bxr,Domestic,US,Freighter,Turbo Prop,Cessna,C208,-,22,187000
2018,Thomas Cook Airlines,MT,Thomas Cook Airlines,MT,International,Europe,Passenger,Wide Body,Airbus,A332,-,9,3602352
2018,"Atlas Air, Inc",5Y,"Atlas Air, Inc",5Y,Domestic,US,Freighter,Wide Body,Boeing,B744,-,9,5868000
2018,"Atlas Air, Inc",5Y,"Atlas Air, Inc",5Y,Domestic,US,Freighter,Wide Body,Boeing,B744,-,9,5868000
2018,"Atlas Air, Inc",5Y,"Atlas Air, Inc",5Y,Domestic,US,Freighter,Wide Body,Boeing,B762,-,20,5440000
2018,"Atlas Air, Inc",5Y,"Atlas Air, Inc",5Y,Domestic,US,Freighter,Wide Body,Boeing,B762,-,20,5440000
2018,"Atlas Air, Inc",5Y,"Atlas Air, Inc",5Y,Domestic,US,Freighter,Wide Body,Boeing,B763,-,22,7106000
2018,"Atlas Air, Inc",5Y,"Atlas Air, Inc",5Y,Domestic,US,Freighter,Wide Body,Boeing,B763,-,22,7106000
2018,Redding Aero Enterprises,bxr,Redding Aero Enterprises,bxr,Domestic,US,Freighter,Turbo Prop,Cessna,C208,-,21,178500
2018,Thomas Cook Airlines,MT,Thomas Cook Airlines,MT,International,Europe,Passenger,Wide Body,Airbus,A332,-,12,4742143
2018,"Atlas Air, Inc",5Y,"Atlas Air, Inc",5Y,Domestic,US,Freighter,Wide Body,Boeing,B744,-,4,2608000
2018,"Atlas Air, Inc",5Y,"Atlas Air, Inc",5Y,Domestic,US,Freighter,Wide Body,Boeing,B744,-,4,2608000
2018,"Atlas Air, Inc",5Y,"Atlas Air, Inc",5Y,Domestic,US,Freighter,Wide Body,Boeing,B762,-,20,5440000
2018,"Atlas Air, Inc",5Y,"Atlas Air, Inc",5Y,Domestic,US,Freighter,Wide Body,Boeing,B762,-,20,5440000
2018,"Atlas Air, Inc",5Y,"Atlas Air, Inc",5Y,Domestic,US,Freighter,Wide Body,Boeing,B763,-,24,7812000
2018,"Atlas Air, Inc",5Y,"Atlas Air, Inc",5Y,Domestic,US,Freighter,Wide Body,Boeing,B763,-,24,7812000
2018,Redding Aero Enterprises,bxr,Redding Aero Enterprises,bxr,Domestic,US,Freighter,Turbo Prop,Cessna,C208,-,21,178500
2018,Thomas Cook Airlines,MT,Thomas Cook Airlines,MT,International,Europe,Passenger,Wide Body,Airbus,A332,-,14,5577694
2018,"Atlas Air, Inc",5Y,"Atlas Air, Inc",5Y,Domestic,US,Freighter,Wide Body,Boeing,B744,-,5,3274000
2018,"Atlas Air, Inc",5Y,"Atlas Air, Inc",5Y,Domestic,US,Freighter,Wide Body,Boeing,B744,-,5,3274000
2018,"Atlas Air, Inc",5Y,"Atlas Air, Inc",5Y,Domestic,US,Freighter,Wide Body,Boeing,B762,-,24,6526000
2018,"Atlas Air, Inc",5Y,"Atlas Air, Inc",5Y,Domestic,US,Freighter,Wide Body,Boeing,B762,-,24,6526000
2018,"Atlas Air, Inc",5Y,"Atlas Air, Inc",5Y,Domestic,US,Freighter,Wide Body,Boeing,B763,-,23,7378000
2018,"Atlas Air, Inc",5Y,"Atlas Air, Inc",5Y,Domestic,US,Freighter,Wide Body,Boeing,B763,-,23,7378000
2018,Redding Aero Enterprises,bxr,Redding Aero Enterprises,bxr,Domestic,US,Freighter,Turbo Prop,Cessna,C208,-,23,195500
2018,Thomas Cook Airlines,MT,Thomas Cook Airlines,MT,International,Europe,Passenger,Wide Body,Airbus,A332,-,13,5222749
2018,"Atlas Air, Inc",5Y,"Atlas Air, Inc",5Y,Domestic,US,Freighter,Wide Body,Boeing,B744,-,5,3260000
2018,"Atlas Air, Inc",5Y,"Atlas Air, Inc",5Y,Domestic,US,Freighter,Wide Body,Boeing,B744,-,5,3260000
2018,"Atlas Air, Inc",5Y,"Atlas Air, Inc",5Y,Domestic,US,Freighter,Wide Body,Boeing,B762,-,21,5712000
2018,"Atlas Air, Inc",5Y,"Atlas Air, Inc",5Y,Domestic,US,Freighter,Wide Body,Boeing,B762,-,21,5712000
2018,"Atlas Air, Inc",5Y,"Atlas Air, Inc",5Y,Domestic,US,Freighter,Wide Body,Boeing,B763,-,19,6080000
2018,"Atlas Air, Inc",5Y,"Atlas Air, Inc",5Y,Domestic,US,Freighter,Wide Body,Boeing,B763,-,19,6080000
2018,Redding Aero Enterprises,bxr,Redding Aero Enterprises,bxr,Domestic,US,Freighter,Turbo Prop,Cessna,C208,-,5,42500
2018,Thomas Cook Airlines,MT,Thomas Cook Airlines,MT,International,Europe,Passenger,Wide Body,Airbus,A332,-,12,4748757
2018,"Atlas Air, Inc",5Y,"Atlas Air, Inc",5Y,Domestic,US,Freighter,Wide Body,Boeing,B744,-,5,3260000
2018,"Atlas Air, Inc",5Y,"Atlas Air, Inc",5Y,Domestic,US,Freighter,Wide Body,Boeing,B744,-,5,3260000
2018,"Atlas Air, Inc",5Y,"Atlas Air, Inc",5Y,Domestic,US,Freighter,Wide Body,Boeing,B762,-,27,7344000
2018,"Atlas Air, Inc",5Y,"Atlas Air, Inc",5Y,Domestic,US,Freighter,Wide Body,Boeing,B762,-,27,7344000
2018,"Atlas Air, Inc",5Y,"Atlas Air, Inc",5Y,Domestic,US,Freighter,Wide Body,Boeing,B763,-,21,6720000
2018,"Atlas Air, Inc",5Y,"Atlas Air, Inc",5Y,Domestic,US,Freighter,Wide Body,Boeing,B763,-,21,6720000
2018,Thomas Cook Airlines,MT,Thomas Cook Airlines,MT,International,Europe,Passenger,Wide Body,Airbus,A332,-,8,3185679
2018,"Atlas Air, Inc",5Y,"Atlas Air, Inc",5Y,Domestic,US,Freighter,Wide Body,Boeing,B744,-,4,2608000
2018,"Atlas Air, Inc",5Y,"Atlas Air, Inc",5Y,Domestic,US,Freighter,Wide Body,Boeing,B744,-,4,2608000
2018,"Atlas Air, Inc",5Y,"Atlas Air, Inc",5Y,Domestic,US,Freighter,Wide Body,Boeing,B762,-,26,7072000
2018,"Atlas Air, Inc",5Y,"Atlas Air, Inc",5Y,Domestic,US,Freighter,Wide Body,Boeing,B762,-,26,7072000
2018,"Atlas Air, Inc",5Y,"Atlas Air, Inc",5Y,Domestic,US,Freighter,Wide Body,Boeing,B763,-,22,6912000
2018,"Atlas Air, Inc",5Y,"Atlas Air, Inc",5Y,Domestic,US,Freighter,Wide Body,Boeing,B763,-,22,6912000
2018,"Atlas Air, Inc",5Y,"Atlas Air, Inc",5Y,Domestic,US,Passenger,Wide Body,Boeing,B763,-,1,320000
2018,"Atlas Air, Inc",5Y,"Atlas Air, Inc",5Y,Domestic,US,Passenger,Wide Body,Boeing,B763,-,1,320000
2018,"Atlas Air, Inc",5Y,"Atlas Air, Inc",5Y,Domestic,US,Freighter,Wide Body,Boeing,B762,-,27,7344000
2018,"Atlas Air, Inc",5Y,"Atlas Air, Inc",5Y,Domestic,US,Freighter,Wide Body,Boeing,B762,-,27,7344000
2018,"Atlas Air, Inc",5Y,"Atlas Air, Inc",5Y,Domestic,US,Freighter,Wide Body,Boeing,B763,-,22,7024000
2018,"Atlas Air, Inc",5Y,"Atlas Air, Inc",5Y,Domestic,US,Freighter,Wide Body,Boeing,B763,-,22,7024000
